Insert into binnacle(last_price) values(0);
Insert into binnacle(last_price) values(0);
Insert into binnacle(last_price) values(0);
Insert into binnacle(last_price) values(0);
Insert into binnacle(last_price) values(0);
Insert into binnacle(last_price) values(0);
Insert into binnacle(last_price) values(0);
Insert into binnacle(last_price) values(0);
Insert into binnacle(last_price) values(0);
Insert into binnacle(last_price) values(0);
Insert into binnacle(last_price) values(0);
Insert into binnacle(last_price) values(0);
Insert into binnacle(last_price) values(0);
Insert into binnacle(last_price) values(0);
Insert into binnacle(last_price) values(0);
Insert into binnacle(last_price) values(0);
Insert into binnacle(last_price) values(0);
Insert into binnacle(last_price) values(0);
Insert into binnacle(last_price) values(0);
Insert into binnacle(last_price) values(0);
Insert into binnacle(last_price) values(0);
Insert into binnacle(last_price) values(0);
Insert into binnacle(last_price) values(0);
Insert into binnacle(last_price) values(0);
Insert into binnacle(last_price) values(0);
Insert into binnacle(last_price) values(0);
Insert into binnacle(last_price) values(0);
Insert into binnacle(last_price) values(0);
Insert into binnacle(last_price) values(0);
Insert into binnacle(last_price) values(0);

/


Insert into photo(name, photo_info) values('photoA', 'person1');
Insert into photo(name, photo_info) values('photoA', 'person2');
Insert into photo(name, photo_info) values('photoA', 'person3');
Insert into photo(name, photo_info) values('photoA', 'person4');
Insert into photo(name, photo_info) values('photoA', 'person5');
Insert into photo(name, photo_info) values('photoA', 'person6');
Insert into photo(name, photo_info) values('photoA', 'person7');
Insert into photo(name, photo_info) values('photoA', 'person8');
Insert into photo(name, photo_info) values('photoA', 'person9');
Insert into photo(name, photo_info) values('photoA', 'person10');
Insert into photo(name, photo_info) values('photoA', 'person11');
Insert into photo(name, photo_info) values('photoA', 'person12');
Insert into photo(name, photo_info) values('photoA', 'person13');

Insert into photo(name, photo_info) values('photoB', 'clock1');
Insert into photo(name, photo_info) values('photoB', 'clock2');
Insert into photo(name, photo_info) values('photoB', 'clock3');
Insert into photo(name, photo_info) values('photoB', 'clock4');
Insert into photo(name, photo_info) values('photoB', 'clock5');
Insert into photo(name, photo_info) values('photoB', 'clock6');
Insert into photo(name, photo_info) values('photoB', 'clock7');
Insert into photo(name, photo_info) values('photoB', 'clock8');
Insert into photo(name, photo_info) values('photoB', 'clock9');
Insert into photo(name, photo_info) values('photoB', 'clock10');

Insert into photo(name, photo_info) values('photoB', 'clock11');
Insert into photo(name, photo_info) values('photoB', 'clock12');
Insert into photo(name, photo_info) values('photoB', 'clock13');
Insert into photo(name, photo_info) values('photoB', 'clock14');
Insert into photo(name, photo_info) values('photoB', 'clock15');
Insert into photo(name, photo_info) values('photoB', 'clock16');
Insert into photo(name, photo_info) values('photoB', 'clock17');
Insert into photo(name, photo_info) values('photoB', 'clock18');
Insert into photo(name, photo_info) values('photoB', 'clock19');
Insert into photo(name, photo_info) values('photoB', 'clock20');

Insert into photo(name, photo_info) values('photoB', 'clock21');
Insert into photo(name, photo_info) values('photoB', 'clock22');
Insert into photo(name, photo_info) values('photoB', 'clock23');
Insert into photo(name, photo_info) values('photoB', 'clock24');
Insert into photo(name, photo_info) values('photoB', 'clock25');
Insert into photo(name, photo_info) values('photoB', 'clock26');
Insert into photo(name, photo_info) values('photoB', 'clock27');
Insert into photo(name, photo_info) values('photoB', 'clock28');
Insert into photo(name, photo_info) values('photoB', 'clock29');
Insert into photo(name, photo_info) values('photoB', 'clock30');

---
/

Insert into CL.PERSON (ID_PERSON,FIRST_NAME,LAST_NAME,BIRTHDAY,EMAIL,USERNAME,USER_PASSWORD,ID_GENDER,ID_NATIONALITY,ID_TYPE_PERSON,ID_PHOTO,ID_DISTRICT,CREATION_DATE,CREATION_USER,DATE_LAST_MODIFICATION,USER_LAST_MODIFICATION) values ('117820091','Jose','Blanco',to_date('28/03/99','DD/MM/RR'),'ABC@gmail.com','MuffinTime','ptm123','0','0','1','0','2',to_date('12/11/20','DD/MM/RR'),'CL',null,null);
Insert into CL.PERSON (ID_PERSON,FIRST_NAME,LAST_NAME,BIRTHDAY,EMAIL,USERNAME,USER_PASSWORD,ID_GENDER,ID_NATIONALITY,ID_TYPE_PERSON,ID_PHOTO,ID_DISTRICT,CREATION_DATE,CREATION_USER,DATE_LAST_MODIFICATION,USER_LAST_MODIFICATION) values ('217820091','Joel','Brenes',to_date('21/08/95','DD/MM/RR'),'JOOO@gmail.com','jolel','asmr321','0','1','1','1','2',to_date('12/11/20','DD/MM/RR'),'CL',null,null);
Insert into CL.PERSON (ID_PERSON,FIRST_NAME,LAST_NAME,BIRTHDAY,EMAIL,USERNAME,USER_PASSWORD,ID_GENDER,ID_NATIONALITY,ID_TYPE_PERSON,ID_PHOTO,ID_DISTRICT,CREATION_DATE,CREATION_USER,DATE_LAST_MODIFICATION,USER_LAST_MODIFICATION) values ('317820091','Maria','White',to_date('02/11/81','DD/MM/RR'),'mariW@gmail.com','mariii','flores','1','2','1','2','41',to_date('12/11/20','DD/MM/RR'),'CL',null,null);
Insert into CL.PERSON (ID_PERSON,FIRST_NAME,LAST_NAME,BIRTHDAY,EMAIL,USERNAME,USER_PASSWORD,ID_GENDER,ID_NATIONALITY,ID_TYPE_PERSON,ID_PHOTO,ID_DISTRICT,CREATION_DATE,CREATION_USER,DATE_LAST_MODIFICATION,USER_LAST_MODIFICATION) values ('417820091','Andres','Reyes',to_date('11/05/98','DD/MM/RR'),'Andreyes@gmail.com','faker','alvp1','0','3','1','3','22',to_date('12/11/20','DD/MM/RR'),'CL',null,null);
Insert into CL.PERSON (ID_PERSON,FIRST_NAME,LAST_NAME,BIRTHDAY,EMAIL,USERNAME,USER_PASSWORD,ID_GENDER,ID_NATIONALITY,ID_TYPE_PERSON,ID_PHOTO,ID_DISTRICT,CREATION_DATE,CREATION_USER,DATE_LAST_MODIFICATION,USER_LAST_MODIFICATION) values ('517820091','Ignes','Salazar',to_date('12/03/70','DD/MM/RR'),'salazarIG@gmail.com','ignite','tuturuuu','1','4','1','4','26',to_date('12/11/20','DD/MM/RR'),'CL',null,null);
Insert into CL.PERSON (ID_PERSON,FIRST_NAME,LAST_NAME,BIRTHDAY,EMAIL,USERNAME,USER_PASSWORD,ID_GENDER,ID_NATIONALITY,ID_TYPE_PERSON,ID_PHOTO,ID_DISTRICT,CREATION_DATE,CREATION_USER,DATE_LAST_MODIFICATION,USER_LAST_MODIFICATION) values ('617820091','Eduardo','Tosi',to_date('10/04/60','DD/MM/RR'),'tosino@gmail.com','bacon','puddin','0','5','1','5','32',to_date('12/11/20','DD/MM/RR'),'CL',null,null);
Insert into CL.PERSON (ID_PERSON,FIRST_NAME,LAST_NAME,BIRTHDAY,EMAIL,USERNAME,USER_PASSWORD,ID_GENDER,ID_NATIONALITY,ID_TYPE_PERSON,ID_PHOTO,ID_DISTRICT,CREATION_DATE,CREATION_USER,DATE_LAST_MODIFICATION,USER_LAST_MODIFICATION) values ('717820091','Rachel','Ziegler',to_date('22/06/87','DD/MM/RR'),'RachelZZ@gmail.com','mercy','heros','1','1','1','6','61',to_date('12/11/20','DD/MM/RR'),'CL',null,null);
Insert into CL.PERSON (ID_PERSON,FIRST_NAME,LAST_NAME,BIRTHDAY,EMAIL,USERNAME,USER_PASSWORD,ID_GENDER,ID_NATIONALITY,ID_TYPE_PERSON,ID_PHOTO,ID_DISTRICT,CREATION_DATE,CREATION_USER,DATE_LAST_MODIFICATION,USER_LAST_MODIFICATION) values ('917820091','Noah','Cambronero',to_date('20/01/92','DD/MM/RR'),'NoahCam@gmail.com','Sliced_Water','paz1515','0','3','1','8','55',to_date('12/11/20','DD/MM/RR'),'CL',null,null);
Insert into CL.PERSON (ID_PERSON,FIRST_NAME,LAST_NAME,BIRTHDAY,EMAIL,USERNAME,USER_PASSWORD,ID_GENDER,ID_NATIONALITY,ID_TYPE_PERSON,ID_PHOTO,ID_DISTRICT,CREATION_DATE,CREATION_USER,DATE_LAST_MODIFICATION,USER_LAST_MODIFICATION) values ('107820091','Diego','Rodriguez',to_date('02/07/98','DD/MM/RR'),'Diegor@gmail.com','IDIR','clave','0','4','0','9','13',to_date('12/11/20','DD/MM/RR'),'CL',null,null);
Insert into CL.PERSON (ID_PERSON,FIRST_NAME,LAST_NAME,BIRTHDAY,EMAIL,USERNAME,USER_PASSWORD,ID_GENDER,ID_NATIONALITY,ID_TYPE_PERSON,ID_PHOTO,ID_DISTRICT,CREATION_DATE,CREATION_USER,DATE_LAST_MODIFICATION,USER_LAST_MODIFICATION) values ('111761013','Ronaldo','Vindas',to_date('12/11/00','DD/MM/RR'),'rony@gmail.com','Rony12','crash','0','0','0','40','2',to_date('12/11/20','DD/MM/RR'),'CL',null,null);

/

Insert into phone(phone_number) values(22565016);
Insert into phone(phone_number) values(85488848);
Insert into phone(phone_number) values(22212019);
Insert into phone(phone_number) values(25625387);
Insert into phone(phone_number) values(60122291);
Insert into phone(phone_number) values(60106260);
Insert into phone(phone_number) values(87524697);
Insert into phone(phone_number) values(22367597);
Insert into phone(phone_number) values(23314168);
Insert into phone(phone_number) values(24165033);

/

insert into personxphone(id_person, id_phone) values(117820091,0);
insert into personxphone(id_person, id_phone) values(217820091,1); 
insert into personxphone(id_person, id_phone) values(317820091,2);
insert into personxphone(id_person, id_phone) values(417820091,3);
insert into personxphone(id_person, id_phone) values(517820091,4);
insert into personxphone(id_person, id_phone) values(617820091,5);
insert into personxphone(id_person, id_phone) values(717820091,6);
insert into personxphone(id_person, id_phone) values(817820091,7);
insert into personxphone(id_person, id_phone) values(107820091,8);
insert into personxphone(id_person, id_phone) values(917820091,9);
/

insert into personchatperson(id_person1, id_person2, message, message_date)
        values('117820091','107820091','This product doesn`t work properly', to_date('10/09/2020','DD/MM/RR') );
insert into personchatperson(id_person1, id_person2, message, message_date)
        values('217820091','517820091','Can you low the price?', to_date('06/1/2020','DD/MM/RR') );
insert into personchatperson(id_person1, id_person2, message, message_date)
        values('107820091','117820091','You can do a discount for me?', to_date('10/09/2020','DD/MM/RR') );
insert into personchatperson(id_person1, id_person2, message, message_date)
        values('107820091','117820091','You can do a discount for me?', to_date('10/09/2020','DD/MM/RR') );
insert into personchatperson(id_person1, id_person2, message, message_date)
        values('117820091','217820091','It has another color?', to_date('12/03/2019','DD/MM/RR') );


/
insert into clock(name,model,description,manifacturing_date,price,id_binnacle,id_Shipping_type, id_Category, id_brand, id_status, id_condition,id_photo) 
values('Silver  Pocket Watch',' 52.3mm diameter',
        'The watch has a nicely jewelled Swiss stem-winding movement, which is working working well.  The movement is signed Globe, Swiss made. The movement is protected by an inner hinged cover.',  
        1919,170, 0,0,7,9,0,1,10);



insert into clock(name,model,description,manifacturing_date,price,id_binnacle,id_Shipping_type, id_Category, id_brand, id_status, id_condition,id_photo) 
values('Diamond Tank Watch','18ct White Gold On Silver Watch Case',
        'Chamade Antiques has clarified that the Cartier Diamond Tank Watch (LA321777) is genuinely of the period declared with the date-period of manufacture being 1980',  
        1980,2000, 1,0,7,0,0,0,11);


insert into clock(name,model,description,manifacturing_date,price,  id_binnacle,  id_Shipping_type,  id_Category,  id_brand, id_status,  id_condition,id_photo) 
values('Seiko 7T92 Watch','7T92', 
        'A highly collectable Seiko 7T92 Watch. This classic watch has a quartz movement and comes with a chronograph.The face is clean but has a few light marks commensurate with age. Otherwise the piece is in overall good condition with the luminous hands and dials intact. The piece is marked for 1997 . The watch comes with a box and papers. A great Christmas gift!',  
        1977,200, 2,1,7,12,0,2,12);
        
        
insert into clock(name,model,description,manifacturing_date,price,  id_binnacle,  id_Shipping_type,  id_Category,  id_brand, id_status,  id_condition,id_photo) 
values('Vintage Pocket Watch 1970s Railroad 12ct Gold Plated','KMC Quartz', 
        'Vintage Gentlemans absolutely outstanding, original Swiss-West German railway type pocket watch with beautiful ivory dial (which has the rarer red Arabic numbers to outer edge) in an extremely ornate 12 carat (tested) yellow gold plated railroad case.',  
        1970,215, 3,1,7,11,0,1,13);


insert into clock(name,model,description,manifacturing_date,price,id_binnacle,id_Shipping_type, id_Category, id_brand, id_status, id_condition,id_photo) 
values('WW1 era Traveler Pocket Watch',' 50mm diameter',
        'The watch has a seven jewel stem-winding gilt movement which is working nicely.  The movement is fully signed and the serial number 21,021,001 dates it back to around 1917.  The movement is protected by an inner hinged cover.',  
        1917,675, 4,1,7,2,0,0,14);
        
        
        
insert into clock(name,model,description,manifacturing_date,price,id_binnacle,id_Shipping_type, id_Category, id_brand, id_status, id_condition,id_photo) 
values('Gents 1960s Wrist Watch','  Swiss 17-jewel',
        'The watch measures 34mm diameter excluding the winding crown and the lugs. The main body of the case is gold plated and the case back is stainless steel. There is a little rubbing to the plate, mainly to the back of the watch. ',  
        1960,85, 5,0,1,0,0,1,15);
        
        
insert into clock(name,model,description,manifacturing_date,price,id_binnacle,id_Shipping_type, id_Category, id_brand, id_status, id_condition,id_photo) 
values('Gents 1940s Wrist Watch','37.5mm diameter',
        'The main body of the case is chrome plated while the bubble back is  stainless steel.  There is some rubbing in places, mainly to the side as shown in the photo.  The lens is in good condition. ',  
        1940,475, 6,0,0,1,0,1,16);

insert into clock(name,model,description,manifacturing_date,price,id_binnacle,id_Shipping_type, id_Category, id_brand, id_status, id_condition,id_photo) 
values('Gents 1940s Wrist Watch','31mm diameter',
        'The case has a chrome plated bezel, an alloy centre and a stainless steel back, a combination in the latter half of the 1940. The front and sides of the case are in good condition, while the back has some unevenness. ',  
        1940,100, 7,0,0,2,0,2,17);


insert into clock(name,model,description,manifacturing_date,price,id_binnacle,id_Shipping_type, id_Category, id_brand, id_status, id_condition,id_photo) 
values('Gents 9ct Gold Wrist Watch, 1959','33.5mm diameter',
        'The case is 9 carat gold and there are hallmarks inside the case back for Edinburgh 1959 with a case makers mark for the British Watch Case Company. The case is in good condition with just a couple of small “dings” to the back ',  
        1940,100, 8,0,0,9,0,2,18);


insert into clock(name,model,description,manifacturing_date,price,id_binnacle,id_Shipping_type, id_Category, id_brand, id_status, id_condition,id_photo) 
values('Gents 1950s Doublematic Wrist Watch','32mm diameter',
        'he main body of the case is gold plated while the screw-on case back is stainless steel. There is a mark to both sides of the case and one lug tip has a graze but you need to look quite carefully to see these marks.  ',  
        1950,115, 9,1,0,14,0,1,19);
        
        
        
        
insert into clock(name,model,description,manifacturing_date,price,id_binnacle,id_Shipping_type, id_Category, id_brand, id_status, id_condition,id_photo) 
values('Ladies 1970s Wrist Watch','28mm wide ',
        'The watch has a Swiss 17-jewel hand-winding movement which is working nicely.The lens is in good condition. The signed dial is in its original finish with original hands, all in lovely condition. ',  
        1970,82, 10,1,1,6,0,0,20);
        
insert into clock(name,model,description,manifacturing_date,price,id_binnacle,id_Shipping_type, id_Category, id_brand, id_status, id_condition,id_photo) 
values('Diamond Bracelet Watch Ladies Vintage 9ct Gold 1.5 carat Diamond Watch','diameter 24.5mm',
        'Gorgeous Bueche Girod diamond bracelet watch.It features a spectacular diamond encrusted dial and bezel.his is complemented by a beautiful basket weave integrated bracelet strap',  
        1979,3999, 11,0,1,15,0,0,21);
        
insert into clock(name,model,description,manifacturing_date,price,id_binnacle,id_Shipping_type, id_Category, id_brand, id_status, id_condition,id_photo) 
values('Ladies Silver Vendome Wristwatch','20mm in diameter',
        'This beautiful  Vendome Wristwatch is a very Accurate Timekeeper. The Case is in Perfect Condition. It comes with a Valuation Certificate for Insurance and a Presentation Box.  ',  
        1950,950, 12,0,1,7,0,0,22);
        
insert into clock(name,model,description,manifacturing_date,price,id_binnacle,id_Shipping_type, id_Category, id_brand, id_status, id_condition,id_photo) 
values('Vintage Wrist Watch 1960s Ladies','12mm diameter',
        'Highly attractive and very striking slightly textured sunburst oval shaped ivory dial in superb condition - absolutely no marks, scratches or fading.  ',  
        1960,95, 13,0,1,10,0,1,23);
        
insert into clock(name,model,description,manifacturing_date,price,id_binnacle,id_Shipping_type, id_Category, id_brand, id_status, id_condition,id_photo) 
values('Gold Ladys Art Deco Styled Wristwatch','square',
        'his solid gold case and bracelet style wristwatch is in excellent working order, and is presented in a nice case by a famous retailer.  The watch is stunning.  ',  
        1920,2500, 14,1,1,0,0,0,24);
        


        
        


insert into clock(name,model,description,manifacturing_date,price,id_binnacle,id_Shipping_type, id_Category, id_brand, id_status, id_condition,id_photo) 
values('1960s Landeron Cal 51 Chronograph Wristwatch',' calibre 51',
        'Swiss made chronograph wristwatch. A gold plated case with stepped bezel and stainless steel screw down case back. A black dial with outer tachymeter and stylised Arabic numerals at 12 and 6. A good quality Landeron calibre 51 chronograph mechanism.  ',  
        1960,445, 15,0,2,4,0,2,25);
        
        
insert into clock(name,model,description,manifacturing_date,price,id_binnacle,id_Shipping_type, id_Category, id_brand, id_status, id_condition,id_photo) 
values('1937 Suiza Chronograph,Caliber 47','Caliber 47',
        'A 1937 Suiza chronograph wristwatch. A silvered dial with subsidiary seconds dial and minute counter up to 30. A base metal case body with stainless steel bezel and back. Arabic numerals to the dial, surrounded by a telemetre scale.   ',  
        1937,20, 16,1,2,0,0,3,26);
        
        
insert into clock(name,model,description,manifacturing_date,price,id_binnacle,id_Shipping_type, id_Category, id_brand, id_status, id_condition,id_photo) 
values('Coventry Made Chronograph Silver Cased','Unknown',
        'Just cleaned and fully serviced, silver hallmarked case, dated for the year 1887 glass original so has some blemishes that will need polishing out to make perfect, watch quite large diameter in full being 6cm depth 1.5cm dial is very good, offering free worldwide delivery on this most important Coventry made watch.  ',  
        1887,595, 17,0,2,14,0,3,27);
        
        
        
        
        

insert into clock(name,model,description,manifacturing_date,price,id_binnacle,id_Shipping_type, id_Category, id_brand, id_status, id_condition,id_photo) 
values('Suunto Core',' digital',
        'The Suunto Core is everything you´ve always dreamed of, it will be your best companion wherever you go. Manufactured with highly resistant materials, the Suunto Core sports watch guarantees its durability, it is a high quality device.  ',  
        2012,400, 18,0,3,4,0,2,28);
        
        
insert into clock(name,model,description,manifacturing_date,price,id_binnacle,id_Shipping_type, id_Category, id_brand, id_status, id_condition,id_photo) 
values('Retro mens diving watch | huge automatic unisex ','analog',
        'Everything a Rolex diving watch has AND MORE, but for thousands of dollars less. Classic, sturdy, and the right amount of BOLD—a nod to classic Western Mid Century Modern design. I loved this when I first saw it. I had to have one...in every color!  ',  
        1937,20, 19,1,3,0,0,3,29);
        
        
insert into clock(name,model,description,manifacturing_date,price,id_binnacle,id_Shipping_type, id_Category, id_brand, id_status, id_condition,id_photo) 
values('Smart Apnea Dive Computer','Unknown',
        'Smart Apnea is very simple and intuitive to use,Customizable program settings  ', 
        2018,600, 20,0,3,0,0,0,30);
        
        
        
        
        
        
        
insert into clock(name,model,description,manifacturing_date,price,id_binnacle,id_Shipping_type, id_Category, id_brand, id_status, id_condition,id_photo) 
values('Old german military clock use for tank vehicle or fighter aircraft world war II',' Unknown',
        'The clock works and is very well preserved  ',  
        1930,370, 21,0,4,4,0,2,31);
        
        
insert into clock(name,model,description,manifacturing_date,price,id_binnacle,id_Shipping_type, id_Category, id_brand, id_status, id_condition,id_photo) 
values('SHIPS-MILITARY CLOCK~AIR FORCE~8 1-2 ','Unknown',
        '10 INCH CLOCK IS IN GOOD WORKING CONDITION AND WAS USED ABOARD A NAVY SHIP!.  IT HAS BEEN UNTOUCHED AND IN STORAGE FOR A LONG TIME ',  
        1950,700, 22,1,4,2,0,3,32);
        
        
insert into clock(name,model,description,manifacturing_date,price,id_binnacle,id_Shipping_type, id_Category, id_brand, id_status, id_condition,id_photo) 
values( 'U.S. AIR FORCE CLOCK ~8 1-2 IN~1956~MISSILE SILO??~24 hr.DIAL~RESTORED',' 1956 CIRCA CHELSEA 8',
        'USED BY U S AIR FORCE,POSSIBLY MISSILE SILO?? ~totally restored by professional clockmaker  ', 
        1956,787, 23,0,4,15,0,0,33);
        
        
        
        





insert into clock(name,model,description,manifacturing_date,price,id_binnacle,id_Shipping_type, id_Category, id_brand, id_status, id_condition,id_photo) 
values('16520 Patrizzi Dial RevisionCard - Serie A',' Model 16520',
        'Rolex Daytona Zenith Movement Ref. 16520 Patrizzi Dial *RevisionCard - Serie A  ',  
        2000,21500, 24,0,5,0,0,0,34);
        
        
insert into clock(name,model,description,manifacturing_date,price,id_binnacle,id_Shipping_type, id_Category, id_brand, id_status, id_condition,id_photo) 
values('TAG Heuer Grand Carrera 17 Rs2 ','Grand Carrera Calibre 17',
        'Tag Heuers "Carrera" collection has become the quintessential contemporary sports watch. But the firm never rests and, like motorsport drivers do, Tag Heuer applies the rebellion that leads it to constantly exceed itself and push the limits of functionality, precision and design of the legendary "Carrera" collection. ',  
        2015,2600, 25,1,5,1,0,0,35);
        
        
insert into clock(name,model,description,manifacturing_date,price,id_binnacle,id_Shipping_type, id_Category, id_brand, id_status, id_condition,id_photo) 
values( 'TAG Heuer Carrera Calibre HEUER 01','Carrera Calibre Heuer 01',
        'Tag Heuers "Carrera" collection has become the quintessential contemporary sports watch. But the firm never rests and, like motorsport drivers do, Tag Heuer applies the rebellion that leads it to constantly exceed itself and push the limits of functionality, precision and design of the legendary "Carrera" collection.  ', 
        2018,787, 26,0,5,1,0,0,36);
        
        
        
        
        


insert into clock(name,model,description,manifacturing_date,price,id_binnacle,id_Shipping_type, id_Category, id_brand, id_status, id_condition,id_photo) 
values('Rolex gmt master II fat lady orange index dial',' GMT-Master II',
        'fat lady bellissimo quadrante con trizio virato all arancione. Orologio coevo  ',  
        1987,13320, 27,0,6,0,0,0,37);
        
        
insert into clock(name,model,description,manifacturing_date,price,id_binnacle,id_Shipping_type, id_Category, id_brand, id_status, id_condition,id_photo) 
values('IWC Big Pilot Top Gun Ceramic Black Dial 48mm IW501901 Good Conditions','Big Pilot Top Gun',
        'IWC Big Pilot Top Gun Ceramic Black Dial 48mm IW501901 Good Conditions',  
        2012,8500, 28,1,6,8,0,0,38);
        
        
insert into clock(name,model,description,manifacturing_date,price,id_binnacle,id_Shipping_type, id_Category, id_brand, id_status, id_condition,id_photo) 
values( 'IWC Big Pilot','Big Pilot',
        'Pre-owned watch perfect condition ', 
        2013,7500, 29,0,6,8,0,0,39);
        

/

        